Date_Sampled,Treatment,Lysimeter,Site,NH4,Nox,PO4,DIN
13/01/2015,1,1,Stn 2,0.03,3.2,0,3.23
13/01/2015,1,2,Stn 2,0.004,14.8,0.002,14.804
13/01/2015,1,3,Stn 2,0.006,14,0.002,14.006
13/01/2015,1,5,Stn 2,0.003,8.64,0.002,8.643
13/01/2015,2,6,Stn 2,0.003,8.51,0.002,8.513
13/01/2015,2,7,Stn 2,0.012,13.3,0.001,13.312
13/01/2015,3,11,Stn 4,0.005,4.11,0.002,4.115
13/01/2015,3,12,Stn 4,0.005,8.45,0.002,8.455
13/01/2015,3,13,Stn 4,0.005,7.79,0.003,7.795
13/01/2015,3,14,Stn 4,0.004,2.72,0.005,2.724
13/01/2015,3,15,Stn 4,0.007,0.736,0.004,0.743
13/01/2015,4,16,Stn 4,0.011,2.98,0.002,2.991
13/01/2015,4,17,Stn 4,0.021,1.24,0.007,1.261
13/01/2015,4,18,Stn 4,0.01,1.3,0.002,1.31
13/01/2015,4,19,Stn 4,0.012,2.05,0,2.062
13/01/2015,4,20,Stn 4,0.004,5.94,0.002,5.944
19/01/2015,1,1,Stn 2,0.002,6.29,0,6.292
19/01/2015,1,2,Stn 2,0.004,9.94,0,9.944
19/01/2015,1,3,Stn 2,0.004,19.4,0,19.404
19/01/2015,1,5,Stn 2,0.003,26,0,26.003
19/01/2015,2,6,Stn 2,0,5.65,0,5.65
19/01/2015,2,7,Stn 2,0.003,13.7,0,13.703
19/01/2015,2,8,Stn 2,0.003,3.63,0,3.633
19/01/2015,3,11,Stn 4,0.003,1.78,0,1.783
19/01/2015,3,12,Stn 4,0.004,5.22,0,5.224
19/01/2015,3,13,Stn 4,0.004,7.04,0.001,7.044
19/01/2015,3,14,Stn 4,0.024,1.59,0.001,1.614
19/01/2015,3,15,Stn 4,0.004,1.78,0.002,1.784
19/01/2015,4,16,Stn 4,0.003,1.02,0,1.023
19/01/2015,4,17,Stn 4,0.008,3.49,0.001,3.498
19/01/2015,4,18,Stn 4,0.005,1.45,0.001,1.455
19/01/2015,4,19,Stn 4,0.004,4.95,0.001,4.954
19/01/2015,4,20,Stn 4,0,8.23,0.003,8.23
28/01/2015,1,3,Stn 2,0.146,0,0.005,0.146
28/01/2015,2,6,Stn 2,0.218,7.24,0,7.458
28/01/2015,3,11,Stn 4,0.214,2.23,0,2.444
28/01/2015,3,14,Stn 4,0.154,1.21,0,1.364
28/01/2015,4,17,Stn 4,0.071,4.49,0.002,4.561
28/01/2015,4,18,Stn 4,0.09,0.674,0.003,0.764
28/01/2015,4,20,Stn 4,0.027,4.84,0,4.867
9/02/2015,1,1,Stn 2,0.003,9.1,0,9.103
9/02/2015,1,2,Stn 2,0.016,14.9,0,14.916
9/02/2015,1,3,Stn 2,0.004,21.1,0,21.104
9/02/2015,1,5,Stn 2,0.003,14.4,0,14.403
9/02/2015,2,6,Stn 2,0.01,7.54,0,7.55
9/02/2015,2,7,Stn 2,0.033,11.3,0,11.333
9/02/2015,2,8,Stn 2,0.003,5.88,0,5.883
9/02/2015,3,11,Stn 4,0.004,1.93,0,1.934
9/02/2015,3,12,Stn 4,0.014,8.05,0,8.064
9/02/2015,3,13,Stn 4,0.004,8.61,0,8.614
9/02/2015,3,14,Stn 4,0.009,2.9,0.001,2.909
9/02/2015,3,15,Stn 4,0.012,1.59,0,1.602
9/02/2015,4,16,Stn 4,0.016,1.57,0.001,1.586
9/02/2015,4,17,Stn 4,0.044,5.18,0,5.224
9/02/2015,4,18,Stn 4,0.004,0.175,0,0.179
9/02/2015,4,19,Stn 4,0.005,4.02,0,4.025
9/02/2015,4,20,Stn 4,0.006,5.58,0,5.586
16/02/2015,1,1,Stn 2,0.003,8.17,0,8.173
16/02/2015,1,2,Stn 2,0.002,11.5,0,11.502
16/02/2015,1,3,Stn 2,0.01,17.3,0,17.31
16/02/2015,1,5,Stn 2,0.003,11.3,0,11.303
16/02/2015,2,6,Stn 2,0.002,7.54,0,7.542
16/02/2015,2,7,Stn 2,0.005,7.1,0,7.105
16/02/2015,2,8,Stn 2,0.002,6.38,0.001,6.382
16/02/2015,3,11,Stn 4,0.003,1.27,0,1.273
16/02/2015,3,12,Stn 4,0.003,6.36,0,6.363
16/02/2015,3,13,Stn 4,0.004,5.88,0,5.884
16/02/2015,3,14,Stn 4,0.018,2.69,0,2.708
16/02/2015,3,15,Stn 4,0.007,1.45,0,1.457
16/02/2015,4,16,Stn 4,0.004,1.72,0,1.724
16/02/2015,4,17,Stn 4,0.008,3.71,0,3.718
16/02/2015,4,18,Stn 4,0.006,0.741,0,0.747
16/02/2015,4,19,Stn 4,0.004,4.81,0,4.814
16/02/2015,4,20,Stn 4,0.042,4.27,0,4.312
5/03/2015,1,1,Stn 2,0.005,3.22,0,3.225
5/03/2015,1,2,Stn 2,0.006,4.12,0,4.126
5/03/2015,1,3,Stn 2,0.007,6.48,0,6.487
5/03/2015,1,5,Stn 2,0.003,5.06,0,5.063
5/03/2015,2,6,Stn 2,0.006,2.38,0,2.386
5/03/2015,2,7,Stn 2,0.006,5.12,0,5.126
5/03/2015,2,8,Stn 2,0.006,1.59,0,1.596
5/03/2015,3,11,Stn 4,0.004,0.003,0,0.007
5/03/2015,3,12,Stn 4,0.004,0.654,0,0.658
5/03/2015,3,13,Stn 4,0.008,0.413,0,0.421
5/03/2015,3,14,Stn 4,0.003,0.003,0,0.006
5/03/2015,3,15,Stn 4,0.003,0.001,0,0.004
5/03/2015,4,16,Stn 4,0.012,0.028,0,0.04
5/03/2015,4,17,Stn 4,0.008,0.119,0,0.127
5/03/2015,4,18,Stn 4,0.008,0.048,0,0.056
5/03/2015,4,19,Stn 4,0.003,1.01,0,1.013
5/03/2015,4,20,Stn 4,0.008,0.418,0,0.426
9/03/2015,1,1,Stn 2,0.003,1.8,0,1.803
9/03/2015,1,2,Stn 2,0.005,2.4,0,2.405
9/03/2015,1,3,Stn 2,0.004,1.98,0,1.984
9/03/2015,1,5,Stn 2,0.006,1.71,0,1.716
9/03/2015,2,6,Stn 2,0.003,1.34,0,1.343
9/03/2015,2,7,Stn 2,0.004,1.91,0,1.914
9/03/2015,2,8,Stn 2,0.006,0.279,0,0.285
9/03/2015,3,11,Stn 4,0.005,0.184,0,0.189
9/03/2015,3,12,Stn 4,0.003,0.528,0,0.531
9/03/2015,3,13,Stn 4,0.005,0.194,0,0.199
9/03/2015,3,14,Stn 4,0.003,0.001,0,0.004
9/03/2015,3,15,Stn 4,0.004,0.003,0,0.007
9/03/2015,4,16,Stn 4,0.021,0.073,0,0.094
9/03/2015,4,17,Stn 4,0.004,0.18,0,0.184
9/03/2015,4,18,Stn 4,0.004,0.07,0,0.074
9/03/2015,4,19,Stn 4,0.003,0.45,0,0.453
9/03/2015,4,20,Stn 4,0.004,0.253,0,0.257
12/03/2015,1,1,Stn 2,0.005,1.75,0,1.755
12/03/2015,1,2,Stn 2,0.003,2.32,0,2.323
12/03/2015,1,3,Stn 2,0.005,2.07,0,2.075
12/03/2015,1,5,Stn 2,0.007,1.29,0,1.297
12/03/2015,2,6,Stn 2,0,0.64,0,0.64
12/03/2015,2,7,Stn 2,0.002,1.54,0,1.542
12/03/2015,2,8,Stn 2,0,0.152,0,0.152
16/03/2015,1,1,Stn 2,0.004,1.46,0,1.464
16/03/2015,1,2,Stn 2,0.009,0.977,0,0.986
16/03/2015,1,3,Stn 2,0.002,3.16,0,3.162
16/03/2015,1,5,Stn 2,0.002,0.811,0,0.813
16/03/2015,2,6,Stn 2,0.006,0.824,0,0.83
16/03/2015,2,7,Stn 2,0.004,0.712,0,0.716
16/03/2015,2,8,Stn 2,0.003,0.32,0,0.323
16/03/2015,3,11,Stn 4,0.004,0.04,0,0.044
16/03/2015,3,12,Stn 4,0.003,0.602,0,0.605
16/03/2015,3,13,Stn 4,0.002,0.232,0,0.234
16/03/2015,3,14,Stn 4,0.006,0.035,0,0.041
16/03/2015,3,15,Stn 4,0.003,0.002,0,0.005
16/03/2015,4,16,Stn 4,0.054,0.12,0,0.174
16/03/2015,4,17,Stn 4,0.002,0.028,0,0.03
16/03/2015,4,18,Stn 4,0.007,0.005,0,0.012
16/03/2015,4,19,Stn 4,0,0.438,0,0.438
16/03/2015,4,20,Stn 4,0.004,0.154,0,0.158
23/03/2015,1,1,Stn 2,0.003,0.878,0,0.881
23/03/2015,1,2,Stn 2,0.002,0.624,0,0.626
23/03/2015,1,3,Stn 2,0.005,1.4,0,1.405
23/03/2015,1,5,Stn 2,0.006,0.363,0.002,0.369
23/03/2015,2,6,Stn 2,0,0.511,0,0.511
23/03/2015,2,7,Stn 2,0,0.439,0,0.439
23/03/2015,2,8,Stn 2,0.007,0.094,0,0.101
23/03/2015,3,,Stn 4,0.088,0.123,0,0.211
23/03/2015,4,,Stn 4,0.027,0.012,0,0.039
23/03/2015,4,,Stn 4,0.004,0.071,0,0.075
21/04/2015,1,1,Stn 2,0.005,0.382,0,0.387
21/04/2015,1,2,Stn 2,0.003,1.14,0,1.143
21/04/2015,1,3,Stn 2,0.031,0.613,0.001,0.644
21/04/2015,2,6,Stn 2,0.016,0.015,0,0.031
21/04/2015,2,8,Stn 2,0.004,0.073,0,0.077
21/04/2015,3,11,Stn 4,0.108,0.048,0,0.156
21/04/2015,3,12,Stn 4,0.207,0.08,0,0.287
21/04/2015,3,13,Stn 4,0.062,0.91,0.001,0.972
21/04/2015,3,14,Stn 4,0.116,0.02,0,0.136
21/04/2015,4,16,Stn 4,0.115,0.009,0,0.124
21/04/2015,4,17,Stn 4,0.265,0.014,0,0.279
21/04/2015,4,18,Stn 4,0.05,0,0,0.05
21/04/2015,4,20,Stn 4,0.004,0.471,0,0.475
19/05/2015,2,8,Stn 2,0.012,0.095,0,0.107
19/05/2015,4,18,Stn 4,0.041,0.005,0,0.046
10/06/2015,1,1,Stn 2,0.005,1.47,0,1.475
10/06/2015,1,2,Stn 2,0.002,1.67,0,1.672
10/06/2015,1,3,Stn 2,0.005,2.63,0,2.635
10/06/2015,1,5,Stn 2,0.006,0.208,0,0.214
10/06/2015,2,6,Stn 2,0,0.002,0,0.002
10/06/2015,2,7,Stn 2,0.004,0.134,0,0.138
10/06/2015,2,8,Stn 2,0.005,0.004,0,0.009
10/06/2015,3,11,Stn 4,0,0.15,0.002,0.15
10/06/2015,3,12,Stn 4,0.011,0.178,0,0.189
10/06/2015,3,13,Stn 4,0.004,1.1,0,1.104
10/06/2015,3,14,Stn 4,0.003,0.01,0,0.013
10/06/2015,3,15,Stn 4,0.01,0.004,0,0.014
10/06/2015,4,16,Stn 4,0.021,0.119,0,0.14
10/06/2015,4,17,Stn 4,0.037,0.005,0,0.042
10/06/2015,4,18,Stn 4,0.005,0.025,0,0.03
10/06/2015,4,19,Stn 4,0,0.237,0,0.237
10/06/2015,4,20,Stn 4,0.005,0.224,0,0.229
17/06/2015,1,1,Stn 2,0,0.924,0,0.924
17/06/2015,1,2,Stn 2,0,0.99,0,0.99
17/06/2015,1,3,Stn 2,0,2.8,0,2.8
17/06/2015,1,5,Stn 2,0,0.173,0,0.173
17/06/2015,2,6,Stn 2,0.004,0.03,0,0.034
17/06/2015,2,7,Stn 2,0,0.048,0,0.048
17/06/2015,2,8,Stn 2,0,0.001,0,0.001
17/06/2015,3,11,Stn 4,0,0.013,0,0.013
17/06/2015,3,12,Stn 4,0.002,0.148,0,0.15
17/06/2015,3,13,Stn 4,0.004,0.468,0,0.472
17/06/2015,3,14,Stn 4,0,0.004,0,0.004
17/06/2015,3,15,Stn 4,0,0,0,0
17/06/2015,4,16,Stn 4,0,0,0,0
17/06/2015,4,17,Stn 4,0.002,0,0,0.002
17/06/2015,4,18,Stn 4,0,0,0,0
17/06/2015,4,19,Stn 4,0,0.185,0,0.185
17/06/2015,4,20,Stn 4,0,0.033,0,0.033
25/06/2015,1,1,Stn 2,0.002,0.25,0,0.252
25/06/2015,1,2,Stn 2,0,0.181,0,0.181
25/06/2015,1,3,Stn 2,0,0.599,0,0.599
25/06/2015,1,5,Stn 2,0,0.048,0,0.048
25/06/2015,2,6,Stn 2,0,0.03,0,0.03
25/06/2015,2,7,Stn 2,0,0.014,0,0.014
25/06/2015,2,8,Stn 2,0,0,0,0
25/06/2015,3,11,Stn 4,0,0.004,0,0.004
25/06/2015,3,12,Stn 4,0,0.003,0,0.003
25/06/2015,3,13,Stn 4,0,0.026,0,0.026
25/06/2015,3,14,Stn 4,0.002,0.001,0,0.003
25/06/2015,3,15,Stn 4,0,0,0,0
25/06/2015,4,16,Stn 4,0,0,0,0
25/06/2015,4,17,Stn 4,0,0,0,0
25/06/2015,4,18,Stn 4,0,0,0,0
25/06/2015,4,19,Stn 4,0,0.017,0,0.017
25/06/2015,4,20,Stn 4,0,0.007,0,0.007
3/07/2015,1,1,Stn 2,0,0.067,0,0.067
3/07/2015,1,2,Stn 2,0.003,0.011,0,0.014
3/07/2015,1,3,Stn 2,0.002,0.174,0,0.176
3/07/2015,1,5,Stn 2,0,0.02,0,0.02
3/07/2015,2,6,Stn 2,0,0,0,0
3/07/2015,2,7,Stn 2,0,0.001,0,0.001
3/07/2015,2,8,Stn 2,0,0,0,0
3/07/2015,3,11,Stn 4,0.006,0.001,0,0.007
3/07/2015,3,12,Stn 4,0.003,0.002,0,0.005
3/07/2015,3,13,Stn 4,0.002,0.002,0,0.004
3/07/2015,3,14,Stn 4,0,0.001,0,0.001
3/07/2015,3,15,Stn 4,0,0,0,0
3/07/2015,4,16,Stn 4,0.015,0.001,0,0.016
3/07/2015,4,17,Stn 4,0.004,0.001,0,0.005
3/07/2015,4,18,Stn 4,0,0.001,0,0.001
3/07/2015,4,19,Stn 4,0,0,0,0
3/07/2015,4,20,Stn 4,0,0,0,0
16/07/2015,1,1,Stn 2,0.006,0.006,0,0.012
16/07/2015,1,2,Stn 2,0.003,0.002,0,0.005
16/07/2015,1,3,Stn 2,0.008,0.004,0,0.012
16/07/2015,1,5,Stn 2,0.002,0.002,0,0.004
16/07/2015,2,6,Stn 2,0.007,0.001,0,0.008
16/07/2015,2,7,Stn 2,0.003,0.001,0,0.004
16/07/2015,2,8,Stn 2,0.003,0,0,0.003
16/07/2015,3,11,Stn 4,0.006,0.001,0,0.007
16/07/2015,3,12,Stn 4,0.006,0.001,0,0.007
16/07/2015,3,13,Stn 4,0.004,0,0,0.004
16/07/2015,3,14,Stn 4,0,0,0,0
16/07/2015,3,15,Stn 4,0,0,0,0
16/07/2015,4,16,Stn 4,0.018,0.002,0,0.02
16/07/2015,4,17,Stn 4,0.008,0.001,0,0.009
16/07/2015,4,18,Stn 4,0.003,0.002,0,0.005
16/07/2015,4,19,Stn 4,0.005,0.001,0,0.006
16/07/2015,4,20,Stn 4,0.005,0.001,0,0.006
27/07/2015,1,1,Stn 2,0,0.015,0,0.015
27/07/2015,1,2,Stn 2,0,0.001,0,0.001
27/07/2015,1,3,Stn 2,0.002,0.01,0,0.012
27/07/2015,1,5,Stn 2,0,0.001,0,0.001
27/07/2015,2,6,Stn 2,0,0,0,0
27/07/2015,2,7,Stn 2,0,0,0,0
27/07/2015,2,8,Stn 2,0,0,0,0
27/07/2015,3,11,Stn 4,0.003,0,0,0.003
27/07/2015,3,12,Stn 4,0.007,0.002,0,0.009
27/07/2015,3,13,Stn 4,0.009,0.002,0,0.011
27/07/2015,3,14,Stn 4,0,0.001,0,0.001
27/07/2015,3,15,Stn 4,0.002,0.003,0,0.005
27/07/2015,4,16,Stn 4,0.012,0.001,0,0.013
27/07/2015,4,17,Stn 4,0.003,0,0,0.003
27/07/2015,4,18,Stn 4,0,0,0,0
27/07/2015,4,19,Stn 4,0,0,0,0
27/07/2015,4,20,Stn 4,0.003,0.001,0,0.004
12/08/2015,1,1,Stn 2,0.012,0.341,0,0.353
12/08/2015,1,2,Stn 2,0.004,0.845,0,0.849
12/08/2015,1,3,Stn 2,0.027,1.12,0,1.147
12/08/2015,1,5,Stn 2,0.002,0.42,0,0.422
12/08/2015,2,6,Stn 2,0,0.078,0,0.078
12/08/2015,2,7,Stn 2,0.006,0.032,0,0.038
12/08/2015,2,8,Stn 2,0,0,0,0
12/08/2015,3,11,Stn 4,0.008,0,0,0.008
12/08/2015,3,12,Stn 4,0.008,0.076,0,0.084
12/08/2015,3,13,Stn 4,0.007,0.014,0,0.021
12/08/2015,3,14,Stn 4,0,0,0,0
12/08/2015,3,15,Stn 4,0,0,0,0
12/08/2015,4,16,Stn 4,0.028,0,0,0.028
12/08/2015,4,17,Stn 4,0.011,0,0,0.011
12/08/2015,4,18,Stn 4,0,0,0,0
12/08/2015,4,19,Stn 4,0.004,0.076,0,0.08
12/08/2015,4,20,Stn 4,0.01,0.001,0,0.011
26/08/2015,1,1,Stn 2,0.004,0.707,0,0.711
26/08/2015,1,2,Stn 2,0.004,0.182,0,0.186
26/08/2015,1,3,Stn 2,0.014,0.262,0,0.276
26/08/2015,1,5,Stn 2,0.002,0.363,0,0.365
26/08/2015,2,6,Stn 2,0,0.094,0,0.094
26/08/2015,2,7,Stn 2,0,0.357,0,0.357
26/08/2015,2,8,Stn 2,0,0.004,0,0.004
26/08/2015,3,11,Stn 4,0,0.282,0,0.282
26/08/2015,3,12,Stn 4,0,0.279,0,0.279
26/08/2015,3,13,Stn 4,0.006,0.38,0,0.386
26/08/2015,3,14,Stn 4,0,0.007,0,0.007
26/08/2015,3,15,Stn 4,0,0,0,0
26/08/2015,4,16,Stn 4,0,0.126,0,0.126
26/08/2015,4,17,Stn 4,0,0.129,0,0.129
26/08/2015,4,18,Stn 4,0,0.001,0,0.001
26/08/2015,4,19,Stn 4,0,0.695,0,0.695
26/08/2015,4,20,Stn 4,0,0.918,0,0.918
24/09/2015,1,1,Stn 2,0.022,0.57,0,0.592
24/09/2015,1,5,Stn 2,0.065,0.21,0,0.275
24/09/2015,2,6,Stn 2,0.022,0.021,0,0.043
24/09/2015,2,7,Stn 2,0.028,0.361,0,0.389
24/09/2015,2,8,Stn 2,0.004,0.008,0,0.012
24/09/2015,3,11,Stn 4,0.005,0.09,0,0.095
24/09/2015,3,12,Stn 4,0.016,0.024,0,0.04
24/09/2015,3,13,Stn 4,0.012,0.192,0,0.204
24/09/2015,3,14,Stn 4,0.026,0.005,0,0.031
24/09/2015,3,15,Stn 4,0.009,0,0,0.009
24/09/2015,4,16,Stn 4,0.067,0.008,0,0.075
24/09/2015,4,17,Stn 4,0.018,0.003,0,0.021
24/09/2015,4,18,Stn 4,0.005,0.002,0,0.007
24/09/2015,4,19,Stn 4,0.002,0.244,0,0.246
24/09/2015,4,20,Stn 4,0.007,0.495,0,0.502
19/10/2015,3,11,Stn 4,0.006,0.004,0,0.01
19/10/2015,3,12,Stn 4,0.007,0.008,0,0.015
19/10/2015,3,13,Stn 4,0.007,0.782,0,0.789
19/10/2015,3,14,Stn 4,0.009,0.006,0,0.015
19/10/2015,3,15,Stn 4,0.011,0.001,0,0.012
19/10/2015,4,16,Stn 4,0.003,0.002,0,0.005
19/10/2015,4,17,Stn 4,0.034,0.002,0,0.036
19/10/2015,4,18,Stn 4,0.002,0,0,0.002
19/10/2015,4,19,Stn 4,0,0,0,0
19/10/2015,4,20,Stn 4,0.003,0.014,0,0.017
22/10/2015,3,11,Stn 4,0.002,0.004,0,0.006
22/10/2015,3,12,Stn 4,0,0.001,0,0.001
22/10/2015,3,13,Stn 4,0.002,0.212,0,0.214
22/10/2015,3,14,Stn 4,0,0.004,0,0.004
22/10/2015,3,15,Stn 4,0,0,0,0
22/10/2015,4,16,Stn 4,0.002,0,0,0.002
22/10/2015,4,17,Stn 4,0.01,0,0,0.01
22/10/2015,4,18,Stn 4,0,0,0,0
22/10/2015,4,19,Stn 4,0,0,0,0
22/10/2015,4,20,Stn 4,0,0.005,0,0.005
2/11/2015,3,11,Stn 4,0.006,0,0,0.006
2/11/2015,3,12,Stn 4,0.008,0.001,0,0.009
2/11/2015,3,13,Stn 4,0.006,0.058,0,0.064
2/11/2015,3,14,Stn 4,0.002,0,0,0.002
2/11/2015,3,15,Stn 4,0,0,0,0
2/11/2015,4,16,Stn 4,0.002,0,0,0.002
2/11/2015,4,17,Stn 4,0.007,0,0,0.007
2/11/2015,4,18,Stn 4,0.002,0,0,0.002
20/11/2015,3,11,Stn 4,0.003,0.001,0,0.004
20/11/2015,3,12,Stn 4,0.08,0.006,0,0.086
20/11/2015,3,15,Stn 4,0.027,0.005,0,0.032
20/11/2015,4,17,Stn 4,0.07,0.003,0,0.073
20/11/2015,4,18,Stn 4,0.005,0,0,0.005
24/12/2015,1,1,Stn 2,0.07,2.85,0,2.92
24/12/2015,1,2,Stn 2,0.06,5.46,0,5.52
24/12/2015,1,3,Stn 2,0.072,4.98,0,5.052
24/12/2015,1,5,Stn 2,0.014,3.03,0,3.044
24/12/2015,2,6,Stn 2,0.027,0.584,0,0.611
24/12/2015,2,7,Stn 2,0.051,1.67,0,1.721
24/12/2015,2,8,Stn 2,0.033,0.528,0,0.561
24/12/2015,3,11,Stn 4,0.151,0.056,0,0.207
24/12/2015,3,12,Stn 4,0.168,0.456,0,0.624
24/12/2015,3,13,Stn 4,0.065,0.227,0,0.292
24/12/2015,3,14,Stn 4,0.023,0.592,0,0.615
24/12/2015,3,15,Stn 4,0.223,0.09,0,0.313
24/12/2015,4,17,Stn 4,0.203,0.252,0,0.455
31/12/2015,1,1,Stn 2,0.01,3.16,0,3.17
31/12/2015,1,2,Stn 2,0.01,8.44,0,8.45
31/12/2015,1,3,Stn 2,0.015,4.22,0,4.235
31/12/2015,1,5,Stn 2,0.003,3.27,0,3.273
31/12/2015,2,6,Stn 2,0.006,0.347,0,0.353
31/12/2015,2,7,Stn 2,0.016,3.18,0,3.196
31/12/2015,2,8,Stn 2,0.01,1.08,0,1.09
31/12/2015,3,11,Stn 4,0.003,0.025,0,0.028
31/12/2015,3,12,Stn 4,0.007,1.19,0,1.197
31/12/2015,3,13,Stn 4,0.16,0.751,0,0.911
31/12/2015,3,14,Stn 4,0.13,0.889,0,1.019
31/12/2015,3,15,Stn 4,0.005,0.396,0,0.401
31/12/2015,4,16,Stn 4,0.004,0.064,0,0.068
31/12/2015,4,17,Stn 4,0.007,0.92,0,0.927
31/12/2015,4,18,Stn 4,0,0.034,0,0.034
7/01/2016,1,1,Stn 2,0.008,1.7,0.002,1.708
7/01/2016,1,2,Stn 2,0.011,5.77,0.001,5.781
7/01/2016,1,3,Stn 2,0.027,2.32,0.001,2.347
7/01/2016,1,5,Stn 2,0.123,1.99,0.002,2.113
7/01/2016,2,6,Stn 2,0.006,0.077,0.001,0.083
7/01/2016,2,7,Stn 2,0.017,3.92,0.001,3.937
7/01/2016,2,8,Stn 2,0.008,2.07,0.001,2.078
7/01/2016,3,11,Stn 4,0.003,0.011,0.001,0.014
7/01/2016,3,12,Stn 4,0.016,0.653,0.001,0.669
7/01/2016,3,13,Stn 4,0.441,0.542,0.001,0.983
7/01/2016,3,14,Stn 4,0.288,0.207,0.001,0.495
7/01/2016,3,15,Stn 4,0.008,0.354,0.001,0.362
7/01/2016,4,16,Stn 4,0.014,0.005,0,0.019
7/01/2016,4,17,Stn 4,0.005,0.101,0.001,0.106
7/01/2016,4,18,Stn 4,0.007,0.001,0.001,0.008
14/01/2016,1,1,Stn 2,0.009,0.766,0.001,0.775
14/01/2016,1,2,Stn 2,0.022,3.6,0,3.622
14/01/2016,1,3,Stn 2,0.212,0.798,0.006,1.01
14/01/2016,1,5,Stn 2,0.003,2.72,0.001,2.723
14/01/2016,2,6,Stn 2,0.535,0.273,0.001,0.808
14/01/2016,2,7,Stn 2,0.013,3.01,0,3.023
14/01/2016,2,8,Stn 2,0.005,0.126,0,0.131
14/01/2016,3,11,Stn 4,0.339,0.151,0.001,0.49
14/01/2016,3,12,Stn 4,0.048,0.016,0,0.064
14/01/2016,3,13,Stn 4,0.49,0.013,0,0.503
14/01/2016,3,14,Stn 4,0.312,0.139,0.002,0.451
14/01/2016,3,15,Stn 4,0.006,0,0,0.006
14/01/2016,4,16,Stn 4,0.016,0,0,0.016
14/01/2016,4,17,Stn 4,0.012,0,0.001,0.012
14/01/2016,4,18,Stn 4,0.014,0,0.001,0.014
7/03/2016,1,1,Stn 2,0.01,1.24,0.001,1.25
7/03/2016,1,2,Stn 2,0.03,2.17,0.001,2.2
7/03/2016,1,3,Stn 2,0.068,0.796,0,0.864
7/03/2016,1,5,Stn 2,0.007,0.964,0.001,0.971
7/03/2016,2,6,Stn 2,0.002,0.21,0.001,0.212
7/03/2016,2,7,Stn 2,0.015,2.62,0.001,2.635
7/03/2016,2,8,Stn 2,0.006,1.39,0.001,1.396
7/03/2016,3,11,Stn 4,0.013,0.003,0.001,0.016
7/03/2016,3,12,Stn 4,0.023,0.004,0.001,0.027
7/03/2016,3,13,Stn 4,0.152,0.015,0,0.167
7/03/2016,3,14,Stn 4,0.093,0.056,0.005,0.149
7/03/2016,3,15,Stn 4,0.019,0.074,0.001,0.093
7/03/2016,4,16,Stn 4,0.017,0.002,0.001,0.019
7/03/2016,4,17,Stn 4,0.03,0,0.001,0.03
7/03/2016,4,18,Stn 4,0,0.018,0.001,0.018
10/03/2016,1,1,Stn 2,0.003,0.97,0.001,0.973
10/03/2016,1,2,Stn 2,0.084,0.163,0.004,0.247
10/03/2016,1,3,Stn 2,0.002,1.47,0,1.472
10/03/2016,1,5,Stn 2,0.173,0.082,0.001,0.255
10/03/2016,2,6,Stn 2,0.003,0.001,0,0.004
10/03/2016,2,7,Stn 2,0.004,4.23,0,4.234
10/03/2016,2,8,Stn 2,0.002,0.121,0,0.123
10/03/2016,3,11,Stn 4,0.002,0.002,0.001,0.004
10/03/2016,3,12,Stn 4,0.004,0.001,0.001,0.005
10/03/2016,3,13,Stn 4,0.085,0.002,0.001,0.087
10/03/2016,3,14,Stn 4,0.032,0.015,0.002,0.047
10/03/2016,3,15,Stn 4,0.002,0.027,0,0.029
10/03/2016,4,16,Stn 4,0.221,0.101,0.001,0.322
10/03/2016,4,17,Stn 4,0.042,0,0,0.042
10/03/2016,4,18,Stn 4,0,0.004,0.001,0.004
14/03/2016,1,1,Stn 2,0.004,0.762,0.001,0.766
14/03/2016,1,2,Stn 2,0,0.143,0,0.143
14/03/2016,1,3,Stn 2,0.062,1.41,0.002,1.472
14/03/2016,1,5,Stn 2,0.003,0.007,0.001,0.01
14/03/2016,2,6,Stn 2,0,0.01,0.001,0.01
14/03/2016,2,7,Stn 2,0.003,5.87,0.001,5.873
14/03/2016,2,8,Stn 2,0,0.048,0.001,0.048
18/03/2016,1,1,Stn 2,0.002,0.328,0,0.33
18/03/2016,1,2,Stn 2,0.194,0.094,0.002,0.288
18/03/2016,1,3,Stn 2,0.003,0.394,0.001,0.397
18/03/2016,1,5,Stn 2,0.003,0.018,0.001,0.021
18/03/2016,2,6,Stn 2,0.003,0.002,0.001,0.005
18/03/2016,2,7,Stn 2,0.002,1.89,0.001,1.892
18/03/2016,2,8,Stn 2,0,0.032,0.001,0.032
18/03/2016,3,11,Stn 4,0.002,0.005,0.001,0.007
18/03/2016,3,12,Stn 4,0.007,0.002,0.001,0.009
18/03/2016,3,13,Stn 4,0.082,0.002,0.001,0.084
18/03/2016,3,14,Stn 4,0.006,0.001,0.001,0.007
18/03/2016,3,15,Stn 4,0.059,0.002,0.001,0.061
18/03/2016,4,16,Stn 4,0.01,0,0.001,0.01
18/03/2016,4,17,Stn 4,0.012,0.001,0,0.013
18/03/2016,4,18,Stn 4,0.003,0,0,0.003
31/03/2016,1,1,Stn 2,0.003,0.086,0,0.089
31/03/2016,1,2,Stn 2,0.003,0,0,0.003
31/03/2016,1,3,Stn 2,0.007,0.027,0,0.034
31/03/2016,1,5,Stn 2,0.005,0.011,0,0.016
31/03/2016,2,6,Stn 2,0.002,0.001,0,0.003
31/03/2016,2,7,Stn 2,0.004,1.3,0,1.304
31/03/2016,2,8,Stn 2,0,0.031,0,0.031
18/04/2016,2,6,Stn 2,0.048,0.048,0,0.096
18/04/2016,3,11,Stn 4,0.004,0.012,0,0.016
18/04/2016,3,12,Stn 4,0.004,0.004,0,0.008
18/04/2016,3,13,Stn 4,0.037,0.136,0,0.173
18/04/2016,3,14,Stn 4,0.005,0.02,0,0.025
18/04/2016,3,15,Stn 4,0.011,0.007,0,0.018
18/04/2016,4,16,Stn 4,0.049,0.003,0,0.052
18/04/2016,4,17,Stn 4,0.006,0.003,0,0.009
18/04/2016,4,18,Stn 4,0.003,0.038,0,0.041
22/04/2016,1,1,Stn 2,0.004,0.174,0,0.178
22/04/2016,1,2,Stn 2,0.005,0.053,0,0.058
22/04/2016,1,3,Stn 2,0.011,0.741,0,0.752
22/04/2016,1,5,Stn 2,0.003,0.052,0,0.055
22/04/2016,2,6,Stn 2,0.002,0.003,0,0.005
22/04/2016,2,7,Stn 2,0.006,0.294,0,0.3
22/04/2016,2,8,Stn 2,0.006,0.007,0,0.013
22/04/2016,3,11,Stn 4,0.005,0.002,0,0.007
22/04/2016,3,12,Stn 4,0.002,0.002,0,0.004
22/04/2016,3,13,Stn 4,0.027,0.001,0,0.028
22/04/2016,3,14,Stn 4,0.003,0.001,0,0.004
22/04/2016,3,15,Stn 4,0,0.002,0,0.002
22/04/2016,4,16,Stn 4,0.052,0.001,0,0.053
22/04/2016,4,17,Stn 4,0,0,0,0
22/04/2016,4,18,Stn 4,0,0.001,0,0.001
3/08/2016,1,1,Stn 2,0.166,0.014,0,0.18
3/08/2016,1,2,Stn 2,0.068,0.006,0,0.074
3/08/2016,1,3,Stn 2,0.078,0.01,0,0.088
3/08/2016,1,5,Stn 2,0.046,0.013,0,0.059
3/08/2016,2,6,Stn 2,0.01,0.001,0,0.011
3/08/2016,2,7,Stn 2,0.07,0.011,0.001,0.081
3/08/2016,2,8,Stn 2,0.062,0.002,0,0.064
8/01/2017,1,1,Stn 2,0.16,1.52,0,1.68
8/01/2017,1,2,Stn 2,0.213,1.82,0,2.033
8/01/2017,1,3,Stn 2,0.12,1.5,0,1.62
8/01/2017,1,5,Stn 2,0.014,0.276,0,0.29
8/01/2017,2,6,Stn 2,0.004,0.332,0,0.336
8/01/2017,2,7,Stn 2,0.003,0.328,0,0.331
8/01/2017,2,8,Stn 2,0.006,0.356,0,0.362
16/01/2017,1,1,Stn 2,0.003,1.28,0,1.283
16/01/2017,1,2,Stn 2,0.006,1.53,0,1.536
16/01/2017,1,3,Stn 2,0.003,1.2,0,1.203
16/01/2017,1,5,Stn 2,0,0.048,0,0.048
16/01/2017,2,6,Stn 2,0,0.002,0,0.002
16/01/2017,2,7,Stn 2,0.002,0.539,0,0.541
16/01/2017,2,8,Stn 2,0.004,0.508,0,0.512
24-Jan-2017,1,1,Stn 2,0,0.094,0,0.094
24-Jan-2017,1,2,Stn 2,0.006,0.028,0,0.034
24-Jan-2017,1,3,Stn 2,0.002,0.01,0,0.012
24-Jan-2017,1,5,Stn 2,0,0,0,0
24-Jan-2017,2,6,Stn 2,0,0.002,0,0.002
24-Jan-2017,2,7,Stn 2,0,0.06,0,0.06
24-Jan-2017,2,8,Stn 2,0.002,0.095,0,0.097
24-Jan-2017,3,11,Stn 4,0.014,0.004,0,0.018
24-Jan-2017,3,12,Stn 4,0.003,0.003,0,0.006
24-Jan-2017,3,13,Stn 4,0.031,0.007,0,0.038
24-Jan-2017,3,14,Stn 4,0.015,0.006,0,0.021
24-Jan-2017,3,15,Stn 4,0.02,0.006,0,0.026
24-Jan-2017,4,16,Stn 4,0.037,0.002,0,0.039
24-Jan-2017,4,17,Stn 4,0.007,0.002,0,0.009
24-Jan-2017,4,18,Stn 4,0.031,0.002,0,0.033
24-Jan-2017,4,20,Stn 4,0.027,0.002,0,0.029
02-Feb-2017,1,1,Stn 2,0.018,0.002,0,0.02
02-Feb-2017,1,2,Stn 2,0,0,0,0
02-Feb-2017,1,3,Stn 2,0.002,0.002,0,0.004
02-Feb-2017,1,5,Stn 2,0,0.002,0,0.002
02-Feb-2017,2,6,Stn 2,0.006,0.001,0,0.007
02-Feb-2017,2,7,Stn 2,0,0.002,0,0.002
02-Feb-2017,2,8,Stn 2,0.018,0.002,0,0.02
02-Feb-2017,3,11,Stn 4,0.012,0.001,0,0.013
02-Feb-2017,3,12,Stn 4,0.015,0.002,0,0.017
02-Feb-2017,3,13,Stn 4,0.042,0.002,0,0.044
02-Feb-2017,3,14,Stn 4,0.022,0.002,0,0.024
02-Feb-2017,3,15,Stn 4,0,0,0,0
02-Feb-2017,4,16,Stn 4,0.05,0.002,0,0.052
02-Feb-2017,4,17,Stn 4,0.006,0.002,0,0.008
02-Feb-2017,4,18,Stn 4,0.019,0,0,0.019
02-Feb-2017,4,20,Stn 4,0.012,0.001,0,0.013
14-Feb-2017,1,1,Stn 2,0.052,0.005,0.001,0.057
14-Feb-2017,1,2,Stn 2,0.007,0.002,0,0.009
14-Feb-2017,1,3,Stn 2,0.01,0.001,0,0.011
14-Feb-2017,1,5,Stn 2,0.002,0,0,0.002
14-Feb-2017,2,6,Stn 2,0.011,0.002,0,0.013
14-Feb-2017,2,7,Stn 2,0.003,0.001,0,0.004
14-Feb-2017,2,8,Stn 2,0.045,0.002,0,0.047
14-Feb-2017,3,11,Stn 4,0.016,0.001,0,0.017
14-Feb-2017,3,12,Stn 4,0.014,0.002,0,0.016
14-Feb-2017,3,13,Stn 4,0.04,0.002,0,0.042
14-Feb-2017,3,14,Stn 4,0.027,0.002,0,0.029
14-Feb-2017,3,15,Stn 4,0,0,0,0
14-Feb-2017,4,16,Stn 4,0.041,0.001,0,0.042
14-Feb-2017,4,17,Stn 4,0.002,0,0,0.002
14-Feb-2017,4,18,Stn 4,0.023,0,0,0.023
14-Feb-2017,4,20,Stn 4,0.004,0,0,0.004
28-Feb-2017,1,1,Stn 2,0.002,0.009,0,0.011
28-Feb-2017,1,2,Stn 2,0,0.001,0,0.001
28-Feb-2017,1,3,Stn 2,0,0.01,0,0.01
28-Feb-2017,1,5,Stn 2,0,0,0,0
28-Feb-2017,2,6,Stn 2,0,0,0,0
28-Feb-2017,2,7,Stn 2,0.006,0.043,0,0.049
28-Feb-2017,2,8,Stn 2,0.008,0.002,0,0.01
28-Feb-2017,3,11,Stn 4,0.008,0.002,0,0.01
28-Feb-2017,3,12,Stn 4,0.008,0.002,0,0.01
28-Feb-2017,3,13,Stn 4,0.027,0.004,0,0.031
28-Feb-2017,3,14,Stn 4,0.013,0.003,0,0.016
28-Feb-2017,3,15,Stn 4,0,0.001,0,0.001
28-Feb-2017,4,16,Stn 4,0.038,0.002,0,0.04
28-Feb-2017,4,17,Stn 4,0.004,0.001,0,0.005
28-Feb-2017,4,18,Stn 4,0.018,0.001,0,0.019
28-Feb-2017,4,20,Stn 4,0.005,0.002,0,0.007
03-Mar-2017,1,1,Stn 2,0.031,0.001,0,0.032
03-Mar-2017,1,2,Stn 2,0.007,0.001,0,0.008
03-Mar-2017,1,3,Stn 2,0.017,0.001,0,0.018
03-Mar-2017,1,5,Stn 2,0.003,0,0,0.003
03-Mar-2017,2,6,Stn 2,0.012,0.002,0,0.014
03-Mar-2017,2,7,Stn 2,0.002,0,0,0.002
03-Mar-2017,2,8,Stn 2,0.059,0.002,0,0.061
03-Mar-2017,3,11,Stn 4,0.031,0.003,0,0.034
03-Mar-2017,3,12,Stn 4,0.026,0,0,0.026
03-Mar-2017,3,13,Stn 4,0.048,0.001,0,0.049
03-Mar-2017,3,14,Stn 4,0.036,0,0,0.036
03-Mar-2017,3,15,Stn 4,0,0,0,0
03-Mar-2017,4,16,Stn 4,0.066,0.001,0,0.067
03-Mar-2017,4,17,Stn 4,0.004,0,0,0.004
03-Mar-2017,4,18,Stn 4,0.026,0,0,0.026
03-Mar-2017,4,20,Stn 4,0.017,0.001,0,0.018
06-Mar-2017,1,1,Stn 2,0.037,0.001,0,0.038
06-Mar-2017,1,2,Stn 2,0.01,0.001,0,0.011
06-Mar-2017,1,3,Stn 2,0.014,0.002,0,0.016
06-Mar-2017,1,5,Stn 2,0,0,0,0
06-Mar-2017,2,6,Stn 2,0.019,0.002,0,0.021
06-Mar-2017,2,7,Stn 2,0,0.001,0,0.001
06-Mar-2017,2,8,Stn 2,0.043,0.001,0,0.044
06-Mar-2017,3,11,Stn 4,0.029,0.001,0,0.03
06-Mar-2017,3,12,Stn 4,0.025,0.001,0,0.026
06-Mar-2017,3,13,Stn 4,0.054,0.001,0,0.055
06-Mar-2017,3,14,Stn 4,0.035,0.001,0,0.036
06-Mar-2017,3,15,Stn 4,0,0,0,0
06-Mar-2017,4,16,Stn 4,0.062,0,0,0.062
06-Mar-2017,4,17,Stn 4,0.006,0.001,0,0.007
06-Mar-2017,4,18,Stn 4,0.029,0,0,0.029
06-Mar-2017,4,20,Stn 4,0.026,0,0,0.026
17-Mar-2017,1,1,Stn 2,0.037,0.001,0,0.038
17-Mar-2017,1,2,Stn 2,0.022,0.001,0,0.023
17-Mar-2017,1,3,Stn 2,0.023,0.001,0,0.024
17-Mar-2017,1,5,Stn 2,0.004,0,0,0.004
17-Mar-2017,2,6,Stn 2,0.013,0.002,0,0.015
17-Mar-2017,2,7,Stn 2,0.004,0,0,0.004
17-Mar-2017,2,8,Stn 2,0.034,0,0,0.034
17-Mar-2017,3,11,Stn 4,0.029,0,0,0.029
17-Mar-2017,3,12,Stn 4,0.028,0,0,0.028
17-Mar-2017,3,13,Stn 4,0.049,0,0,0.049
17-Mar-2017,3,14,Stn 4,0.036,0,0,0.036
17-Mar-2017,3,15,Stn 4,0.004,0,0,0.004
17-Mar-2017,4,16,Stn 4,0.061,0,0,0.061
17-Mar-2017,4,17,Stn 4,0.006,0,0,0.006
17-Mar-2017,4,18,Stn 4,0.026,0,0,0.026
17-Mar-2017,4,20,Stn 4,0.02,0,0,0.02
07-Apr-2017,1,1,Stn 2,0.043,0.038,0,0.081
07-Apr-2017,1,2,Stn 2,0.017,0.715,0,0.732
07-Apr-2017,1,3,Stn 2,0.034,0.008,0,0.042
07-Apr-2017,1,5,Stn 2,0.006,0.135,0,0.141
07-Apr-2017,2,6,Stn 2,0.008,0.005,0,0.013
07-Apr-2017,2,7,Stn 2,0.013,0.597,0,0.61
07-Apr-2017,2,8,Stn 2,0.041,0.246,0,0.287
07-Apr-2017,3,11,Stn 4,0.027,0.003,0,0.03
07-Apr-2017,3,12,Stn 4,0.034,0.003,0,0.037
07-Apr-2017,3,13,Stn 4,0.04,0.005,0,0.045
07-Apr-2017,3,14,Stn 4,0.047,0.022,0,0.069
07-Apr-2017,3,15,Stn 4,0.003,0,0,0.003
07-Apr-2017,4,16,Stn 4,0.09,0.002,0,0.092
07-Apr-2017,4,17,Stn 4,0.006,0,0,0.006
07-Apr-2017,4,18,Stn 4,0.021,0,0,0.021
07-Apr-2017,4,20,Stn 4,0.005,0,0,0.005
19-Apr-2017,1,1,Stn 2,0.045,0.002,0,0.047
19-Apr-2017,1,2,Stn 2,0.006,0.143,0,0.149
19-Apr-2017,1,3,Stn 2,0.012,0.142,0,0.154
19-Apr-2017,1,5,Stn 2,0.003,0.002,0,0.005
19-Apr-2017,2,6,Stn 2,0.011,0.005,0,0.016
19-Apr-2017,2,7,Stn 2,0.004,0,0,0.004
19-Apr-2017,2,8,Stn 2,0.045,0.002,0,0.047
19-Apr-2017,3,11,Stn 4,0.036,0,0,0.036
19-Apr-2017,3,12,Stn 4,0.078,0.11,0,0.188
19-Apr-2017,3,13,Stn 4,0.05,0.009,0,0.059
19-Apr-2017,3,14,Stn 4,0.062,0.004,0,0.066
19-Apr-2017,3,15,Stn 4,0,0,0,0
19-Apr-2017,4,16,Stn 4,0.084,0,0,0.084
19-Apr-2017,4,17,Stn 4,0.039,0.03,0,0.069
19-Apr-2017,4,18,Stn 4,0.03,0,0,0.03
19-Apr-2017,4,20,Stn 4,0.049,0.046,0,0.095
09-May-2017,1,1,Stn 2,0.062,0,0,0.062
09-May-2017,1,2,Stn 2,0.017,0.005,0,0.022
09-May-2017,1,3,Stn 2,0.031,0.201,0,0.232
09-May-2017,1,5,Stn 2,0,0.003,0,0.003
09-May-2017,2,6,Stn 2,0.017,0.012,0,0.029
09-May-2017,2,7,Stn 2,0.008,0.003,0,0.011
09-May-2017,2,8,Stn 2,0.023,0.004,0,0.027
09-May-2017,3,11,Stn 4,0.043,0,0,0.043
09-May-2017,3,12,Stn 4,0.073,0.015,0,0.088
09-May-2017,3,13,Stn 4,0.082,0.014,0,0.096
09-May-2017,3,14,Stn 4,0.068,0.001,0,0.069
09-May-2017,3,15,Stn 4,0,0,0,0
09-May-2017,4,16,Stn 4,0.081,0,0,0.081
09-May-2017,4,17,Stn 4,0.076,0.004,0,0.08
09-May-2017,4,18,Stn 4,0.036,0,0,0.036
09-May-2017,4,20,Stn 4,0.037,0.003,0,0.04
23-May-2017,1,1,Stn 2,0.07,0,0,0.07
23-May-2017,1,2,Stn 2,0.005,0,0,0.005
23-May-2017,1,3,Stn 2,0.031,0.002,0,0.033
23-May-2017,1,5,Stn 2,0,0,0,0
23-May-2017,2,6,Stn 2,0.023,0.006,0,0.029
23-May-2017,2,7,Stn 2,0,0,0,0
23-May-2017,2,8,Stn 2,0.031,0.001,0,0.032
23-May-2017,3,11,Stn 4,0.055,0,0,0.055
23-May-2017,3,12,Stn 4,0.066,0,0,0.066
23-May-2017,3,13,Stn 4,0.08,0,0,0.08
23-May-2017,3,14,Stn 4,0.071,0,0,0.071
23-May-2017,3,15,Stn 4,0,0,0,0
23-May-2017,4,16,Stn 4,0.095,0,0,0.095
23-May-2017,4,17,Stn 4,0.006,0,0,0.006
23-May-2017,4,18,Stn 4,0.041,0,0,0.041
23-May-2017,4,20,Stn 4,0.036,0,0,0.036
06-Jun-2017,1,1,Stn 2,0.073,0,0,0.073
06-Jun-2017,1,2,Stn 2,0.004,0,0,0.004
06-Jun-2017,1,3,Stn 2,0.025,0,0,0.025
06-Jun-2017,1,5,Stn 2,0,0,0,0
06-Jun-2017,2,6,Stn 2,0.026,0.009,0,0.035
06-Jun-2017,2,7,Stn 2,0.002,0,0,0.002
06-Jun-2017,2,8,Stn 2,0.032,0,0,0.032
06-Jun-2017,3,11,Stn 4,0.059,0,0,0.059
06-Jun-2017,3,12,Stn 4,0.061,0,0,0.061
06-Jun-2017,3,13,Stn 4,0.085,0,0,0.085
06-Jun-2017,3,14,Stn 4,0.054,0,0,0.054
06-Jun-2017,3,15,Stn 4,0.002,0,0,0.002
06-Jun-2017,4,16,Stn 4,0.094,0,0,0.094
06-Jun-2017,4,17,Stn 4,0.012,0,0,0.012
06-Jun-2017,4,18,Stn 4,0.046,0,0,0.046
06-Jun-2017,4,20,Stn 4,0.056,0,0,0.056
06-Jul-2017,1,1,Stn 2,0.026,0.848,0,0.874
06-Jul-2017,1,2,Stn 2,0.015,0.084,0,0.099
06-Jul-2017,1,3,Stn 2,0.014,0.446,0,0.46
06-Jul-2017,1,5,Stn 2,0.003,0.015,0,0.018
06-Jul-2017,2,6,Stn 2,0.006,0.662,0,0.668
06-Jul-2017,2,7,Stn 2,0.01,0.038,0,0.048
06-Jul-2017,2,8,Stn 2,0.005,0.141,0,0.146
06-Jul-2017,3,11,Stn 4,0.017,0.119,0,0.136
06-Jul-2017,3,12,Stn 4,0.028,0.763,0,0.791
06-Jul-2017,3,13,Stn 4,0.07,0.354,0,0.424
06-Jul-2017,3,14,Stn 4,0.06,0.385,0,0.445
06-Jul-2017,3,15,Stn 4,0.003,0.02,0,0.023
06-Jul-2017,4,16,Stn 4,0.091,0,0,0.091
06-Jul-2017,4,17,Stn 4,0.053,0.254,0,0.307
06-Jul-2017,4,18,Stn 4,0.033,0.193,0,0.226
06-Jul-2017,4,20,Stn 4,0.038,0.272,0,0.31
12-Jul-2017,1,,Stn 2,0.009,0.122,0,0.131
12-Jul-2017,2,,Stn 2,,,,
12-Jul-2017,3,,Stn 4,0.027,0.147,0,0.174
12-Jul-2017,4,,Stn 4,0.049,0.082,0,0.131
09-Oct-2017,1,,Stn 2,0.032,0.17,0,0.202
09-Oct-2017,2,,Stn 2,0.007,0.003,0,0.01
09-Oct-2017,1,,Stn 4,0.005,0.051,0,0.056
09-Oct-2017,2,,Stn 4,0.002,0.007,0,0.009
25-Oct-2017,3,,Stn 2,0.078,0.006,0,0.084
25-Oct-2017,4,,Stn 2,0.046,0.013,0,0.059
21-Nov-2017,1,1,Stn 2,0.004,0,0.002,0.004
21-Nov-2017,1,2,Stn 2,0.002,0.005,0.001,0.007
21-Nov-2017,1,3,Stn 2,0,0.001,0.002,0.001
21-Nov-2017,1,5,Stn 2,0.004,0,0.002,0.004
21-Nov-2017,2,6,Stn 2,0,0.002,0.002,0.002
21-Nov-2017,2,7,Stn 2,0.002,0,0,0.002
21-Nov-2017,2,8,Stn 2,0,0.014,0,0.014
21-Nov-2017,3,11,Stn 4,0,0.001,0.001,0.001
21-Nov-2017,3,12,Stn 4,0.112,0.006,0,0.118
21-Nov-2017,3,13,Stn 4,0.003,0.003,0,0.006
21-Nov-2017,3,14,Stn 4,0.003,0.012,0,0.015
21-Nov-2017,3,15,Stn 4,0.041,0.007,0,0.048
21-Nov-2017,4,16,Stn 4,0.01,0.002,0,0.012
21-Nov-2017,4,17,Stn 4,0.003,0.004,0,0.007
21-Nov-2017,4,18,Stn 4,0,0.002,0.001,0.002
01-Dec-2017,1,1,Stn 2,0.003,0.001,0.002,0.004
01-Dec-2017,1,2,Stn 2,0.002,0.001,0,0.003
01-Dec-2017,1,3,Stn 2,0.006,0.001,0,0.007
01-Dec-2017,1,5,Stn 2,0,0,0,0
01-Dec-2017,2,6,Stn 2,0.015,0,0,0.015
01-Dec-2017,2,7,Stn 2,0,0,0,0
01-Dec-2017,2,8,Stn 2,0,0,0,0
01-Dec-2017,3,11,Stn 4,0.005,0.001,0,0.006
01-Dec-2017,3,12,Stn 4,0.041,0.001,0,0.042
01-Dec-2017,3,13,Stn 4,0.007,0.001,0,0.008
01-Dec-2017,3,14,Stn 4,0.008,0,0,0.008
01-Dec-2017,3,15,Stn 4,0.002,0.001,0,0.003
01-Dec-2017,4,16,Stn 4,0.033,0.001,0,0.034
01-Dec-2017,4,17,Stn 4,0.002,0,0,0.002
01-Dec-2017,4,18,Stn 4,0.003,0.001,0,0.004
01-Dec-2017,4,20,Stn 4,0.01,0.001,0,0.011
05-Dec-2017,1,1,Stn 2,0.008,0.001,0.001,0.009
05-Dec-2017,1,2,Stn 2,0.005,0.001,0.001,0.006
05-Dec-2017,1,3,Stn 2,0.002,0,0.001,0.002
05-Dec-2017,1,5,Stn 2,0.002,0,0.001,0.002
05-Dec-2017,2,6,Stn 2,0.018,0.001,0,0.019
05-Dec-2017,2,7,Stn 2,0.006,0,0,0.006
05-Dec-2017,2,8,Stn 2,0.006,0,0,0.006
05-Dec-2017,3,11,Stn 4,0.006,0.001,0,0.007
05-Dec-2017,3,12,Stn 4,0.188,0.002,0,0.19
05-Dec-2017,3,13,Stn 4,0.015,0.002,0,0.017
05-Dec-2017,3,14,Stn 4,0.012,0.001,0,0.013
05-Dec-2017,3,15,Stn 4,0.004,0.002,0,0.006
05-Dec-2017,4,16,Stn 4,0.035,0.002,0,0.037
05-Dec-2017,4,17,Stn 4,0.003,0.002,0,0.005
05-Dec-2017,4,18,Stn 4,0.012,0.001,0,0.013
05-Dec-2017,4,20,Stn 4,0.048,0.002,0,0.05
14-Dec-2017,1,2,Stn 2,0.009,0.002,0,0.011
14-Dec-2017,1,5,Stn 2,0.003,0,0,0.003
14-Dec-2017,2,6,Stn 2,0.016,0.001,0,0.017
14-Dec-2017,2,7,Stn 2,0.032,0.001,0,0.033
14-Dec-2017,2,8,Stn 2,0.016,0.001,0,0.017
14-Dec-2017,3,11,Stn 4,0.005,0.001,0,0.006
14-Dec-2017,3,12,Stn 4,0.315,0.001,0,0.316
14-Dec-2017,3,13,Stn 4,0.028,0.002,0.001,0.03
14-Dec-2017,3,14,Stn 4,0.019,0.002,0.002,0.021
14-Dec-2017,3,15,Stn 4,0.145,0.004,0,0.149
14-Dec-2017,4,16,Stn 4,0.033,0.002,0.002,0.035
14-Dec-2017,4,17,Stn 4,0.01,0.002,0.002,0.012
14-Dec-2017,4,18,Stn 4,0.008,0.001,0.002,0.009
14-Dec-2017,4,20,Stn 4,0.039,0.002,0.002,0.041
17-Jan-2018,1,1,Stn 2,0.016,0.076,0,0.092
17-Jan-2018,1,2,Stn 2,0.024,2.36,0,2.384
17-Jan-2018,1,3,Stn 2,0.054,0.887,0,0.941
17-Jan-2018,1,5,Stn 2,0.003,0.01,0,0.013
17-Jan-2018,2,6,Stn 2,0.04,0.69,0,0.73
17-Jan-2018,2,7,Stn 2,0.008,4.97,0,4.978
17-Jan-2018,2,8,Stn 2,0.005,1.89,0,1.895
17-Jan-2018,3,11,Stn 4 ,0.018,0.011,0,0.029
17-Jan-2018,3,12,Stn 4 ,0.021,4.1,0,4.121
17-Jan-2018,3,13,Stn 4 ,0.046,0.287,0,0.333
17-Jan-2018,3,14,Stn 4 ,0.028,0.234,0,0.262
17-Jan-2018,3,15,Stn 4 ,0.022,0.037,0,0.059
17-Jan-2018,4,16,Stn 4 ,0.044,0.006,0,0.05
17-Jan-2018,4,17,Stn 4 ,0.03,0.167,0,0.197
17-Jan-2018,4,18,Stn 4 ,0.01,0.136,0,0.146
17-Jan-2018,4,20,Stn 4 ,0.003,0.06,0,0.063
19-Jan-2018,3,11,Stn 4 ,0.002,0.007,0,0.009
19-Jan-2018,3,12,Stn 4 ,0.002,6.88,0,6.882
19-Jan-2018,3,13,Stn 4 ,0.009,1.69,0,1.699
19-Jan-2018,3,14,Stn 4 ,0.004,0.975,0,0.979
19-Jan-2018,3,15,Stn 4 ,0.003,0.212,0,0.215
19-Jan-2018,4,16,Stn 4 ,0.02,0.02,0,0.04
19-Jan-2018,4,17,Stn 4 ,0.004,0.06,0,0.064
19/01/2018,4,18,Stn 4 ,0.006,0.214,0,0.22
19/01/2018,4,20,Stn 4 ,0.002,0.492,0,0.494
